1	2	2024-10-12
2	3	2024-10-12
3	4	2024-10-12
4	5	2024-10-12
5	6	2024-10-12
6	7	2024-10-12
7	8	2024-10-12
8	9	2024-10-12
9	10	2024-10-12
10	11	2024-10-12
11	12	2024-10-12
12	13	2024-10-12
13	14	2024-10-12
14	15	2024-10-12
15	16	2024-10-12
16	17	2024-10-12
17	18	2024-10-12
18	19	2024-10-12
19	20	2024-10-12
20	21	2024-10-12
21	22	2024-10-12
22	23	2024-10-12
23	24	2024-10-12
24	25	2024-10-12
25	26	2024-10-12
26	27	2024-10-12
27	28	2024-10-12
28	29	2024-10-12
29	30	2024-10-12
30	31	2024-10-12
31	32	2024-10-12
32	33	2024-10-12
33	34	2024-10-12
34	35	2024-10-12
35	36	2024-10-12
36	37	2024-10-12
37	38	2024-10-12
38	39	2024-10-12
39	40	2024-10-12
40	41	2024-10-12
41	42	2024-10-12
42	43	2024-10-12
43	44	2024-10-12
44	45	2024-10-12
45	46	2024-10-12
46	47	2024-10-12
47	48	2024-10-12
48	49	2024-10-12
49	50	2024-10-12
50	51	2024-10-12
51	52	2024-10-12
52	53	2024-10-12
53	54	2024-10-12
54	55	2024-10-12
55	56	2024-10-12
56	57	2024-10-12
57	58	2024-10-12
58	59	2024-10-12
59	60	2024-10-12
60	61	2024-10-12
61	62	2024-10-12
62	63	2024-10-12
63	64	2024-10-12
64	65	2024-10-12
65	66	2024-10-12
66	67	2024-10-12
67	68	2024-10-12
68	69	2024-10-12
69	70	2024-10-12
70	71	2024-10-12
71	72	2024-10-12
72	73	2024-10-12
73	74	2024-10-12
74	75	2024-10-12
75	76	2024-10-12
76	77	2024-10-12
77	78	2024-10-12
78	79	2024-10-12
79	80	2024-10-12
80	81	2024-10-12
81	82	2024-10-12
82	83	2024-10-12
83	84	2024-10-12
84	85	2024-10-12
85	86	2024-10-12
86	87	2024-10-12
87	88	2024-10-12
88	89	2024-10-12
89	90	2024-10-12
90	91	2024-10-12
91	92	2024-10-12
92	93	2024-10-12
93	94	2024-10-12
94	95	2024-10-12
95	96	2024-10-12
96	97	2024-10-12
97	98	2024-10-12
98	99	2024-10-12
99	100	2024-10-12
100	1	2024-10-12
101	2	2024-10-12
102	3	2024-10-12
103	4	2024-10-12
104	5	2024-10-12
105	6	2024-10-12
106	7	2024-10-12
107	8	2024-10-12
108	9	2024-10-12
109	10	2024-10-12
110	11	2024-10-12
111	12	2024-10-12
112	13	2024-10-12
113	14	2024-10-12
114	15	2024-10-12
115	16	2024-10-12
116	17	2024-10-12
117	18	2024-10-12
118	19	2024-10-12
119	20	2024-10-12
120	21	2024-10-12
121	22	2024-10-12
122	23	2024-10-12
123	24	2024-10-12
124	25	2024-10-12
125	26	2024-10-12
126	27	2024-10-12
127	28	2024-10-12
128	29	2024-10-12
129	30	2024-10-12
130	31	2024-10-12
131	32	2024-10-12
132	33	2024-10-12
133	34	2024-10-12
134	35	2024-10-12
135	36	2024-10-12
136	37	2024-10-12
137	38	2024-10-12
138	39	2024-10-12
139	40	2024-10-12
140	41	2024-10-12
141	42	2024-10-12
142	43	2024-10-12
143	44	2024-10-12
144	45	2024-10-12
145	46	2024-10-12
146	47	2024-10-12
147	48	2024-10-12
148	49	2024-10-12
149	50	2024-10-12
150	51	2024-10-12
151	52	2024-10-12
152	53	2024-10-12
153	54	2024-10-12
154	55	2024-10-12
155	56	2024-10-12
156	57	2024-10-12
157	58	2024-10-12
158	59	2024-10-12
159	60	2024-10-12
160	61	2024-10-12
161	62	2024-10-12
162	63	2024-10-12
163	64	2024-10-12
164	65	2024-10-12
165	66	2024-10-12
166	67	2024-10-12
167	68	2024-10-12
168	69	2024-10-12
169	70	2024-10-12
170	71	2024-10-12
171	72	2024-10-12
172	73	2024-10-12
173	74	2024-10-12
174	75	2024-10-12
175	76	2024-10-12
176	77	2024-10-12
177	78	2024-10-12
178	79	2024-10-12
179	80	2024-10-12
180	81	2024-10-12
181	82	2024-10-12
182	83	2024-10-12
183	84	2024-10-12
184	85	2024-10-12
185	86	2024-10-12
186	87	2024-10-12
187	88	2024-10-12
188	89	2024-10-12
189	90	2024-10-12
190	91	2024-10-12
191	92	2024-10-12
192	93	2024-10-12
193	94	2024-10-12
194	95	2024-10-12
195	96	2024-10-12
196	97	2024-10-12
197	98	2024-10-12
198	99	2024-10-12
199	100	2024-10-12
200	1	2024-10-12
201	2	2024-10-12
202	3	2024-10-12
203	4	2024-10-12
204	5	2024-10-12
205	6	2024-10-12
206	7	2024-10-12
207	8	2024-10-12
208	9	2024-10-12
209	10	2024-10-12
210	11	2024-10-12
211	12	2024-10-12
212	13	2024-10-12
213	14	2024-10-12
214	15	2024-10-12
215	16	2024-10-12
216	17	2024-10-12
217	18	2024-10-12
218	19	2024-10-12
219	20	2024-10-12
220	21	2024-10-12
221	22	2024-10-12
222	23	2024-10-12
223	24	2024-10-12
224	25	2024-10-12
225	26	2024-10-12
226	27	2024-10-12
227	28	2024-10-12
228	29	2024-10-12
229	30	2024-10-12
230	31	2024-10-12
231	32	2024-10-12
232	33	2024-10-12
233	34	2024-10-12
234	35	2024-10-12
235	36	2024-10-12
236	37	2024-10-12
237	38	2024-10-12
238	39	2024-10-12
239	40	2024-10-12
240	41	2024-10-12
241	42	2024-10-12
242	43	2024-10-12
243	44	2024-10-12
244	45	2024-10-12
245	46	2024-10-12
246	47	2024-10-12
247	48	2024-10-12
248	49	2024-10-12
249	50	2024-10-12
250	51	2024-10-12
251	52	2024-10-12
252	53	2024-10-12
253	54	2024-10-12
254	55	2024-10-12
255	56	2024-10-12
256	57	2024-10-12
257	58	2024-10-12
258	59	2024-10-12
259	60	2024-10-12
260	61	2024-10-12
261	62	2024-10-12
262	63	2024-10-12
263	64	2024-10-12
264	65	2024-10-12
265	66	2024-10-12
266	67	2024-10-12
267	68	2024-10-12
268	69	2024-10-12
269	70	2024-10-12
270	71	2024-10-12
271	72	2024-10-12
272	73	2024-10-12
273	74	2024-10-12
274	75	2024-10-12
275	76	2024-10-12
276	77	2024-10-12
277	78	2024-10-12
278	79	2024-10-12
279	80	2024-10-12
280	81	2024-10-12
281	82	2024-10-12
282	83	2024-10-12
283	84	2024-10-12
284	85	2024-10-12
285	86	2024-10-12
286	87	2024-10-12
287	88	2024-10-12
288	89	2024-10-12
289	90	2024-10-12
290	91	2024-10-12
291	92	2024-10-12
292	93	2024-10-12
293	94	2024-10-12
294	95	2024-10-12
295	96	2024-10-12
296	97	2024-10-12
297	98	2024-10-12
298	99	2024-10-12
299	100	2024-10-12
300	1	2024-10-12
301	2	2024-10-12
302	3	2024-10-12
303	4	2024-10-12
304	5	2024-10-12
305	6	2024-10-12
306	7	2024-10-12
307	8	2024-10-12
308	9	2024-10-12
309	10	2024-10-12
310	11	2024-10-12
311	12	2024-10-12
312	13	2024-10-12
313	14	2024-10-12
314	15	2024-10-12
315	16	2024-10-12
316	17	2024-10-12
317	18	2024-10-12
318	19	2024-10-12
319	20	2024-10-12
320	21	2024-10-12
321	22	2024-10-12
322	23	2024-10-12
323	24	2024-10-12
324	25	2024-10-12
325	26	2024-10-12
326	27	2024-10-12
327	28	2024-10-12
328	29	2024-10-12
329	30	2024-10-12
330	31	2024-10-12
331	32	2024-10-12
332	33	2024-10-12
333	34	2024-10-12
334	35	2024-10-12
335	36	2024-10-12
336	37	2024-10-12
337	38	2024-10-12
338	39	2024-10-12
339	40	2024-10-12
340	41	2024-10-12
341	42	2024-10-12
342	43	2024-10-12
343	44	2024-10-12
344	45	2024-10-12
345	46	2024-10-12
346	47	2024-10-12
347	48	2024-10-12
348	49	2024-10-12
349	50	2024-10-12
350	51	2024-10-12
351	52	2024-10-12
352	53	2024-10-12
353	54	2024-10-12
354	55	2024-10-12
355	56	2024-10-12
356	57	2024-10-12
357	58	2024-10-12
358	59	2024-10-12
359	60	2024-10-12
360	61	2024-10-12
361	62	2024-10-12
362	63	2024-10-12
363	64	2024-10-12
364	65	2024-10-12
365	66	2024-10-12
366	67	2024-10-12
367	68	2024-10-12
368	69	2024-10-12
369	70	2024-10-12
370	71	2024-10-12
371	72	2024-10-12
372	73	2024-10-12
373	74	2024-10-12
374	75	2024-10-12
375	76	2024-10-12
376	77	2024-10-12
377	78	2024-10-12
378	79	2024-10-12
379	80	2024-10-12
380	81	2024-10-12
381	82	2024-10-12
382	83	2024-10-12
383	84	2024-10-12
384	85	2024-10-12
385	86	2024-10-12
386	87	2024-10-12
387	88	2024-10-12
388	89	2024-10-12
389	90	2024-10-12
390	91	2024-10-12
391	92	2024-10-12
392	93	2024-10-12
393	94	2024-10-12
394	95	2024-10-12
395	96	2024-10-12
396	97	2024-10-12
397	98	2024-10-12
398	99	2024-10-12
399	100	2024-10-12
400	1	2024-10-12
401	2	2024-10-12
402	3	2024-10-12
403	4	2024-10-12
404	5	2024-10-12
405	6	2024-10-12
406	7	2024-10-12
407	8	2024-10-12
408	9	2024-10-12
409	10	2024-10-12
410	11	2024-10-12
411	12	2024-10-12
412	13	2024-10-12
413	14	2024-10-12
414	15	2024-10-12
415	16	2024-10-12
416	17	2024-10-12
417	18	2024-10-12
418	19	2024-10-12
419	20	2024-10-12
420	21	2024-10-12
421	22	2024-10-12
422	23	2024-10-12
423	24	2024-10-12
424	25	2024-10-12
425	26	2024-10-12
426	27	2024-10-12
427	28	2024-10-12
428	29	2024-10-12
429	30	2024-10-12
430	31	2024-10-12
431	32	2024-10-12
432	33	2024-10-12
433	34	2024-10-12
434	35	2024-10-12
435	36	2024-10-12
436	37	2024-10-12
437	38	2024-10-12
438	39	2024-10-12
439	40	2024-10-12
440	41	2024-10-12
441	42	2024-10-12
442	43	2024-10-12
443	44	2024-10-12
444	45	2024-10-12
445	46	2024-10-12
446	47	2024-10-12
447	48	2024-10-12
448	49	2024-10-12
449	50	2024-10-12
450	51	2024-10-12
451	52	2024-10-12
452	53	2024-10-12
453	54	2024-10-12
454	55	2024-10-12
455	56	2024-10-12
456	57	2024-10-12
457	58	2024-10-12
458	59	2024-10-12
459	60	2024-10-12
460	61	2024-10-12
461	62	2024-10-12
462	63	2024-10-12
463	64	2024-10-12
464	65	2024-10-12
465	66	2024-10-12
466	67	2024-10-12
467	68	2024-10-12
468	69	2024-10-12
469	70	2024-10-12
470	71	2024-10-12
471	72	2024-10-12
472	73	2024-10-12
473	74	2024-10-12
474	75	2024-10-12
475	76	2024-10-12
476	77	2024-10-12
477	78	2024-10-12
478	79	2024-10-12
479	80	2024-10-12
480	81	2024-10-12
481	82	2024-10-12
482	83	2024-10-12
483	84	2024-10-12
484	85	2024-10-12
485	86	2024-10-12
486	87	2024-10-12
487	88	2024-10-12
488	89	2024-10-12
489	90	2024-10-12
490	91	2024-10-12
491	92	2024-10-12
492	93	2024-10-12
493	94	2024-10-12
494	95	2024-10-12
495	96	2024-10-12
496	97	2024-10-12
497	98	2024-10-12
498	99	2024-10-12
499	100	2024-10-12
500	1	2024-10-12
501	2	2024-10-12
502	3	2024-10-12
503	4	2024-10-12
504	5	2024-10-12
505	6	2024-10-12
506	7	2024-10-12
507	8	2024-10-12
508	9	2024-10-12
509	10	2024-10-12
510	11	2024-10-12
511	12	2024-10-12
512	13	2024-10-12
513	14	2024-10-12
514	15	2024-10-12
515	16	2024-10-12
516	17	2024-10-12
517	18	2024-10-12
518	19	2024-10-12
519	20	2024-10-12
520	21	2024-10-12
521	22	2024-10-12
522	23	2024-10-12
523	24	2024-10-12
524	25	2024-10-12
525	26	2024-10-12
526	27	2024-10-12
527	28	2024-10-12
528	29	2024-10-12
529	30	2024-10-12
530	31	2024-10-12
531	32	2024-10-12
532	33	2024-10-12
533	34	2024-10-12
534	35	2024-10-12
535	36	2024-10-12
536	37	2024-10-12
537	38	2024-10-12
538	39	2024-10-12
539	40	2024-10-12
540	41	2024-10-12
541	42	2024-10-12
542	43	2024-10-12
543	44	2024-10-12
544	45	2024-10-12
545	46	2024-10-12
546	47	2024-10-12
547	48	2024-10-12
548	49	2024-10-12
549	50	2024-10-12
550	51	2024-10-12
551	52	2024-10-12
552	53	2024-10-12
553	54	2024-10-12
554	55	2024-10-12
555	56	2024-10-12
556	57	2024-10-12
557	58	2024-10-12
558	59	2024-10-12
559	60	2024-10-12
560	61	2024-10-12
561	62	2024-10-12
562	63	2024-10-12
563	64	2024-10-12
564	65	2024-10-12
565	66	2024-10-12
566	67	2024-10-12
567	68	2024-10-12
568	69	2024-10-12
569	70	2024-10-12
570	71	2024-10-12
571	72	2024-10-12
572	73	2024-10-12
573	74	2024-10-12
574	75	2024-10-12
575	76	2024-10-12
576	77	2024-10-12
577	78	2024-10-12
578	79	2024-10-12
579	80	2024-10-12
580	81	2024-10-12
581	82	2024-10-12
582	83	2024-10-12
583	84	2024-10-12
584	85	2024-10-12
585	86	2024-10-12
586	87	2024-10-12
587	88	2024-10-12
588	89	2024-10-12
589	90	2024-10-12
590	91	2024-10-12
591	92	2024-10-12
592	93	2024-10-12
593	94	2024-10-12
594	95	2024-10-12
595	96	2024-10-12
596	97	2024-10-12
597	98	2024-10-12
598	99	2024-10-12
599	100	2024-10-12
600	1	2024-10-12
601	2	2024-10-12
602	3	2024-10-12
603	4	2024-10-12
604	5	2024-10-12
605	6	2024-10-12
606	7	2024-10-12
607	8	2024-10-12
608	9	2024-10-12
609	10	2024-10-12
610	11	2024-10-12
611	12	2024-10-12
612	13	2024-10-12
613	14	2024-10-12
614	15	2024-10-12
615	16	2024-10-12
616	17	2024-10-12
617	18	2024-10-12
618	19	2024-10-12
619	20	2024-10-12
620	21	2024-10-12
621	22	2024-10-12
622	23	2024-10-12
623	24	2024-10-12
624	25	2024-10-12
625	26	2024-10-12
626	27	2024-10-12
627	28	2024-10-12
628	29	2024-10-12
629	30	2024-10-12
630	31	2024-10-12
631	32	2024-10-12
632	33	2024-10-12
633	34	2024-10-12
634	35	2024-10-12
635	36	2024-10-12
636	37	2024-10-12
637	38	2024-10-12
638	39	2024-10-12
639	40	2024-10-12
640	41	2024-10-12
641	42	2024-10-12
642	43	2024-10-12
643	44	2024-10-12
644	45	2024-10-12
645	46	2024-10-12
646	47	2024-10-12
647	48	2024-10-12
648	49	2024-10-12
649	50	2024-10-12
650	51	2024-10-12
651	52	2024-10-12
652	53	2024-10-12
653	54	2024-10-12
654	55	2024-10-12
655	56	2024-10-12
656	57	2024-10-12
657	58	2024-10-12
658	59	2024-10-12
659	60	2024-10-12
660	61	2024-10-12
661	62	2024-10-12
662	63	2024-10-12
663	64	2024-10-12
664	65	2024-10-12
665	66	2024-10-12
666	67	2024-10-12
667	68	2024-10-12
668	69	2024-10-12
669	70	2024-10-12
670	71	2024-10-12
671	72	2024-10-12
672	73	2024-10-12
673	74	2024-10-12
674	75	2024-10-12
675	76	2024-10-12
676	77	2024-10-12
677	78	2024-10-12
678	79	2024-10-12
679	80	2024-10-12
680	81	2024-10-12
681	82	2024-10-12
682	83	2024-10-12
683	84	2024-10-12
684	85	2024-10-12
685	86	2024-10-12
686	87	2024-10-12
687	88	2024-10-12
688	89	2024-10-12
689	90	2024-10-12
690	91	2024-10-12
691	92	2024-10-12
692	93	2024-10-12
693	94	2024-10-12
694	95	2024-10-12
695	96	2024-10-12
696	97	2024-10-12
697	98	2024-10-12
698	99	2024-10-12
699	100	2024-10-12
700	1	2024-10-12
701	2	2024-10-12
702	3	2024-10-12
703	4	2024-10-12
704	5	2024-10-12
705	6	2024-10-12
706	7	2024-10-12
707	8	2024-10-12
708	9	2024-10-12
709	10	2024-10-12
710	11	2024-10-12
711	12	2024-10-12
712	13	2024-10-12
713	14	2024-10-12
714	15	2024-10-12
715	16	2024-10-12
716	17	2024-10-12
717	18	2024-10-12
718	19	2024-10-12
719	20	2024-10-12
720	21	2024-10-12
721	22	2024-10-12
722	23	2024-10-12
723	24	2024-10-12
724	25	2024-10-12
725	26	2024-10-12
726	27	2024-10-12
727	28	2024-10-12
728	29	2024-10-12
729	30	2024-10-12
730	31	2024-10-12
731	32	2024-10-12
732	33	2024-10-12
733	34	2024-10-12
734	35	2024-10-12
735	36	2024-10-12
736	37	2024-10-12
737	38	2024-10-12
738	39	2024-10-12
739	40	2024-10-12
740	41	2024-10-12
741	42	2024-10-12
742	43	2024-10-12
743	44	2024-10-12
744	45	2024-10-12
745	46	2024-10-12
746	47	2024-10-12
747	48	2024-10-12
748	49	2024-10-12
749	50	2024-10-12
750	51	2024-10-12
751	52	2024-10-12
752	53	2024-10-12
753	54	2024-10-12
754	55	2024-10-12
755	56	2024-10-12
756	57	2024-10-12
757	58	2024-10-12
758	59	2024-10-12
759	60	2024-10-12
760	61	2024-10-12
761	62	2024-10-12
762	63	2024-10-12
763	64	2024-10-12
764	65	2024-10-12
765	66	2024-10-12
766	67	2024-10-12
767	68	2024-10-12
768	69	2024-10-12
769	70	2024-10-12
770	71	2024-10-12
771	72	2024-10-12
772	73	2024-10-12
773	74	2024-10-12
774	75	2024-10-12
775	76	2024-10-12
776	77	2024-10-12
777	78	2024-10-12
778	79	2024-10-12
779	80	2024-10-12
780	81	2024-10-12
781	82	2024-10-12
782	83	2024-10-12
783	84	2024-10-12
784	85	2024-10-12
785	86	2024-10-12
786	87	2024-10-12
787	88	2024-10-12
788	89	2024-10-12
789	90	2024-10-12
790	91	2024-10-12
791	92	2024-10-12
792	93	2024-10-12
793	94	2024-10-12
794	95	2024-10-12
795	96	2024-10-12
796	97	2024-10-12
797	98	2024-10-12
798	99	2024-10-12
799	100	2024-10-12
800	1	2024-10-12
801	2	2024-10-12
802	3	2024-10-12
803	4	2024-10-12
804	5	2024-10-12
805	6	2024-10-12
806	7	2024-10-12
807	8	2024-10-12
808	9	2024-10-12
809	10	2024-10-12
810	11	2024-10-12
811	12	2024-10-12
812	13	2024-10-12
813	14	2024-10-12
814	15	2024-10-12
815	16	2024-10-12
816	17	2024-10-12
817	18	2024-10-12
818	19	2024-10-12
819	20	2024-10-12
820	21	2024-10-12
821	22	2024-10-12
822	23	2024-10-12
823	24	2024-10-12
824	25	2024-10-12
825	26	2024-10-12
826	27	2024-10-12
827	28	2024-10-12
828	29	2024-10-12
829	30	2024-10-12
830	31	2024-10-12
831	32	2024-10-12
832	33	2024-10-12
833	34	2024-10-12
834	35	2024-10-12
835	36	2024-10-12
836	37	2024-10-12
837	38	2024-10-12
838	39	2024-10-12
839	40	2024-10-12
840	41	2024-10-12
841	42	2024-10-12
842	43	2024-10-12
843	44	2024-10-12
844	45	2024-10-12
845	46	2024-10-12
846	47	2024-10-12
847	48	2024-10-12
848	49	2024-10-12
849	50	2024-10-12
850	51	2024-10-12
851	52	2024-10-12
852	53	2024-10-12
853	54	2024-10-12
854	55	2024-10-12
855	56	2024-10-12
856	57	2024-10-12
857	58	2024-10-12
858	59	2024-10-12
859	60	2024-10-12
860	61	2024-10-12
861	62	2024-10-12
862	63	2024-10-12
863	64	2024-10-12
864	65	2024-10-12
865	66	2024-10-12
866	67	2024-10-12
867	68	2024-10-12
868	69	2024-10-12
869	70	2024-10-12
870	71	2024-10-12
871	72	2024-10-12
872	73	2024-10-12
873	74	2024-10-12
874	75	2024-10-12
875	76	2024-10-12
876	77	2024-10-12
877	78	2024-10-12
878	79	2024-10-12
879	80	2024-10-12
880	81	2024-10-12
881	82	2024-10-12
882	83	2024-10-12
883	84	2024-10-12
884	85	2024-10-12
885	86	2024-10-12
886	87	2024-10-12
887	88	2024-10-12
888	89	2024-10-12
889	90	2024-10-12
890	91	2024-10-12
891	92	2024-10-12
892	93	2024-10-12
893	94	2024-10-12
894	95	2024-10-12
895	96	2024-10-12
896	97	2024-10-12
897	98	2024-10-12
898	99	2024-10-12
899	100	2024-10-12
900	1	2024-10-12
901	2	2024-10-12
902	3	2024-10-12
903	4	2024-10-12
904	5	2024-10-12
905	6	2024-10-12
906	7	2024-10-12
907	8	2024-10-12
908	9	2024-10-12
909	10	2024-10-12
910	11	2024-10-12
911	12	2024-10-12
912	13	2024-10-12
913	14	2024-10-12
914	15	2024-10-12
915	16	2024-10-12
916	17	2024-10-12
917	18	2024-10-12
918	19	2024-10-12
919	20	2024-10-12
920	21	2024-10-12
921	22	2024-10-12
922	23	2024-10-12
923	24	2024-10-12
924	25	2024-10-12
925	26	2024-10-12
926	27	2024-10-12
927	28	2024-10-12
928	29	2024-10-12
929	30	2024-10-12
930	31	2024-10-12
931	32	2024-10-12
932	33	2024-10-12
933	34	2024-10-12
934	35	2024-10-12
935	36	2024-10-12
936	37	2024-10-12
937	38	2024-10-12
938	39	2024-10-12
939	40	2024-10-12
940	41	2024-10-12
941	42	2024-10-12
942	43	2024-10-12
943	44	2024-10-12
944	45	2024-10-12
945	46	2024-10-12
946	47	2024-10-12
947	48	2024-10-12
948	49	2024-10-12
949	50	2024-10-12
950	51	2024-10-12
951	52	2024-10-12
952	53	2024-10-12
953	54	2024-10-12
954	55	2024-10-12
955	56	2024-10-12
956	57	2024-10-12
957	58	2024-10-12
958	59	2024-10-12
959	60	2024-10-12
960	61	2024-10-12
961	62	2024-10-12
962	63	2024-10-12
963	64	2024-10-12
964	65	2024-10-12
965	66	2024-10-12
966	67	2024-10-12
967	68	2024-10-12
968	69	2024-10-12
969	70	2024-10-12
970	71	2024-10-12
971	72	2024-10-12
972	73	2024-10-12
973	74	2024-10-12
974	75	2024-10-12
975	76	2024-10-12
976	77	2024-10-12
977	78	2024-10-12
978	79	2024-10-12
979	80	2024-10-12
980	81	2024-10-12
981	82	2024-10-12
982	83	2024-10-12
983	84	2024-10-12
984	85	2024-10-12
985	86	2024-10-12
986	87	2024-10-12
987	88	2024-10-12
988	89	2024-10-12
989	90	2024-10-12
990	91	2024-10-12
991	92	2024-10-12
992	93	2024-10-12
993	94	2024-10-12
994	95	2024-10-12
995	96	2024-10-12
996	97	2024-10-12
997	98	2024-10-12
998	99	2024-10-12
999	100	2024-10-12
1000	1	2024-10-12
